orphanumber	doid
Orphanet:90291	DOID:418
Orphanet:374	DOID:2907
Orphanet:397	DOID:13375
Orphanet:2098	DOID:0080052
Orphanet:1915	DOID:0050665
Orphanet:1187	DOID:0050647
Orphanet:3135	DOID:13300
Orphanet:599	DOID:11720
Orphanet:354	DOID:3322
Orphanet:2380	DOID:14415
Orphanet:813	DOID:14681
Orphanet:631	DOID:0060870
Orphanet:3320	DOID:14699
Orphanet:3057	DOID:0060693
Orphanet:99828	DOID:12205
Orphanet:597	DOID:3529
Orphanet:627	DOID:0060599
Orphanet:166	DOID:10595
Orphanet:1878	DOID:0110282
Orphanet:388	DOID:10487
Orphanet:284160	DOID:0060425
Orphanet:125	DOID:2717
Orphanet:2822	DOID:0110764
Orphanet:3156	DOID:0050576
Orphanet:647	DOID:7400
Orphanet:99812	DOID:0060021
Orphanet:3416	DOID:0080036
Orphanet:99829	DOID:9682
Orphanet:654	DOID:2154
Orphanet:87	DOID:12960
Orphanet:169105	DOID:0060028
Orphanet:303	DOID:4959
Orphanet:435387	DOID:0110168
Orphanet:2398	DOID:14116
Orphanet:2323	DOID:0060348
Orphanet:251019	DOID:0060428
Orphanet:1572	DOID:12177
Orphanet:1775	DOID:2729
Orphanet:49382	DOID:13911
Orphanet:90000	DOID:0060567
Orphanet:79476	DOID:0060832
Orphanet:163690	DOID:0060858
Orphanet:83	DOID:0050462
Orphanet:66629	DOID:0060481
Orphanet:2050	DOID:0060438
Orphanet:79237	DOID:14695
Orphanet:859	DOID:0050818
Orphanet:85321	DOID:0060830
Orphanet:64741	DOID:4765
Orphanet:94058	DOID:1687
Orphanet:240	DOID:0060847
Orphanet:79242	DOID:859
Orphanet:558	DOID:14323
Orphanet:98850	DOID:4798
Orphanet:530	DOID:14498
Orphanet:261211	DOID:0060400
Orphanet:978	DOID:0050601
Orphanet:280062	DOID:4734
Orphanet:793	DOID:13677
Orphanet:55881	DOID:2776
Orphanet:2466	DOID:0060246
Orphanet:512	DOID:10581
Orphanet:79456	DOID:3665
Orphanet:99798	DOID:0050591
Orphanet:14	DOID:1386
Orphanet:2911	DOID:12961
Orphanet:269	DOID:11727
Orphanet:221	DOID:10223
Orphanet:234	DOID:12308
Orphanet:2655	DOID:13481
Orphanet:797	DOID:11335
Orphanet:710	DOID:14705
Orphanet:333	DOID:0050464
Orphanet:677	DOID:6823
Orphanet:1465	DOID:1925
Orphanet:100026	DOID:0060127
Orphanet:175	DOID:14773
Orphanet:1106	DOID:0060861
Orphanet:83465	DOID:8986
Orphanet:79273	DOID:13269
Orphanet:90290	DOID:0060218
Orphanet:189439	DOID:0060280
Orphanet:251	DOID:12721
Orphanet:109	DOID:0050657
Orphanet:2768	DOID:14798
Orphanet:2710	DOID:0060291
Orphanet:2573	DOID:13099
Orphanet:890	DOID:0080177
Orphanet:214	DOID:9266
Orphanet:127	DOID:0050681
Orphanet:606	DOID:0050759
Orphanet:701	DOID:0050634
Orphanet:1478	DOID:1882
Orphanet:261265	DOID:0060404
Orphanet:157846	DOID:0110737
Orphanet:48104	DOID:8553
Orphanet:1155	DOID:0110631
Orphanet:3449	DOID:0050475
Orphanet:33069	DOID:0060171
Orphanet:97285	DOID:10011
Orphanet:611	DOID:3429
Orphanet:461	DOID:1700
Orphanet:270	DOID:11719
Orphanet:90309	DOID:14720
Orphanet:233	DOID:12557
Orphanet:526	DOID:0050477
Orphanet:261330	DOID:0060413
Orphanet:2790	DOID:0080037
Orphanet:1414	DOID:6691
Orphanet:79455	DOID:3666
Orphanet:1786	DOID:0060384
Orphanet:905	DOID:893
Orphanet:79396	DOID:0060735
Orphanet:2807	DOID:2626
Orphanet:1955	DOID:0050981
Orphanet:67048	DOID:0110006
Orphanet:2771	DOID:0060231
Orphanet:97283	DOID:4430
Orphanet:2971	DOID:0050797
Orphanet:635	DOID:769
Orphanet:99797	DOID:13714
Orphanet:2152	DOID:0060485
Orphanet:1486	DOID:0060559
Orphanet:280	DOID:0050460
Orphanet:69	DOID:9120
Orphanet:75496	DOID:0050802
Orphanet:380	DOID:14761
Orphanet:827	DOID:0050817
Orphanet:913	DOID:0050782
Orphanet:429	DOID:0080041
Orphanet:2337	DOID:0050428
Orphanet:726	DOID:1442
Orphanet:340	DOID:11266
Orphanet:3378	DOID:11665
Orphanet:97282	DOID:5574
Orphanet:903	DOID:12531
Orphanet:6	DOID:0050710
Orphanet:1186	DOID:0050556
Orphanet:52901	DOID:0090088
Orphanet:251909	DOID:1664
Orphanet:888	DOID:0060239
Orphanet:585	DOID:0050441
Orphanet:36	DOID:9250
Orphanet:2228	DOID:6678
Orphanet:411629	DOID:1062
Orphanet:3071	DOID:0050469
Orphanet:364	DOID:2749
Orphanet:107	DOID:14702
Orphanet:610	DOID:0050663
Orphanet:764	DOID:876
Orphanet:250989	DOID:0060411
Orphanet:66631	DOID:0060337
Orphanet:595	DOID:14717
Orphanet:22	DOID:0060175
Orphanet:2140	DOID:3827
Orphanet:157850	DOID:3981
Orphanet:93299	DOID:0080054
Orphanet:770	DOID:11260
Orphanet:778	DOID:1206
Orphanet:75234	DOID:14502
Orphanet:319251	DOID:1328
Orphanet:3193	DOID:1929
Orphanet:31150	DOID:1388
Orphanet:551	DOID:310
Orphanet:85173	DOID:0050885
Orphanet:2609	DOID:0060536
Orphanet:64739	DOID:5425
Orphanet:882	DOID:0050726
Orphanet:137817	DOID:12156
Orphanet:1496	DOID:0060600
Orphanet:976	DOID:0060350
Orphanet:3103	DOID:5325
Orphanet:955	DOID:2736
Orphanet:163634	DOID:0060221
Orphanet:99978	DOID:4927
Orphanet:909	DOID:4810
Orphanet:261	DOID:11726
Orphanet:1359	DOID:0050471
Orphanet:412	DOID:3145
Orphanet:143	DOID:1540
Orphanet:261222	DOID:0060398
Orphanet:931	DOID:0050603
Orphanet:306	DOID:0060169
Orphanet:817	DOID:0060283
Orphanet:1507	DOID:0060764
Orphanet:584	DOID:12803
Orphanet:98292	DOID:350
Orphanet:61	DOID:3413
Orphanet:658	DOID:1558
Orphanet:664	DOID:9271
Orphanet:2014	DOID:674
Orphanet:407	DOID:9268
Orphanet:99824	DOID:9537
Orphanet:763	DOID:0080038
Orphanet:75563	DOID:0060063
Orphanet:252164	DOID:3192
Orphanet:648	DOID:3490
Orphanet:47612	DOID:11042
Orphanet:724	DOID:9503
Orphanet:85193	DOID:12559
Orphanet:840	DOID:5445
Orphanet:2309	DOID:0050449
Orphanet:801	DOID:419
Orphanet:474	DOID:0050592
Orphanet:304	DOID:4644
Orphanet:442	DOID:0050328
Orphanet:1214	DOID:1757
Orphanet:3386	DOID:12140
Orphanet:85295	DOID:0060810
Orphanet:201	DOID:6457
Orphanet:77	DOID:12271
Orphanet:794	DOID:14768
Orphanet:502	DOID:4998
Orphanet:791	DOID:10584
Orphanet:55	DOID:0050632
Orphanet:1297	DOID:0050691
Orphanet:1226	DOID:0050655
Orphanet:137	DOID:5212
Orphanet:35	DOID:14701
Orphanet:510	DOID:1919
Orphanet:85163	DOID:0060793
Orphanet:1451	DOID:0090029
Orphanet:990	DOID:0060341
Orphanet:99886	DOID:0060334
Orphanet:83317	DOID:13371
Orphanet:99027	DOID:0060785
Orphanet:95613	DOID:1129
Orphanet:1369	DOID:0080132
Orphanet:2483	DOID:1761
Orphanet:91378	DOID:14735
Orphanet:405	DOID:0060699
Orphanet:847	DOID:0110030
Orphanet:2698	DOID:0050658
Orphanet:99928	DOID:3596
Orphanet:3144	DOID:0050775
Orphanet:29	DOID:0050452
Orphanet:932	DOID:0080043
Orphanet:217385	DOID:0060432
Orphanet:7	DOID:0060565
Orphanet:777	DOID:0050776
Orphanet:436	DOID:14213
Orphanet:30	DOID:0050833
Orphanet:1764	DOID:11589
Orphanet:178475	DOID:0050353
Orphanet:900	DOID:12132
Orphanet:91347	DOID:6275
Orphanet:481	DOID:0060161
Orphanet:95429	DOID:4028
Orphanet:138	DOID:0050834
Orphanet:27	DOID:0060740
Orphanet:549	DOID:10458
Orphanet:754	DOID:4674
Orphanet:681	DOID:14452
Orphanet:342	DOID:2987
Orphanet:85324	DOID:0060813
Orphanet:99015	DOID:0110773
Orphanet:2965	DOID:5394
Orphanet:220402	DOID:1577
Orphanet:29207	DOID:6196
Orphanet:48818	DOID:0050711
Orphanet:99885	DOID:0060639
Orphanet:2314	DOID:3261
Orphanet:35612	DOID:10629
Orphanet:352	DOID:9870
Orphanet:33	DOID:14753
Orphanet:1872	DOID:0050572
Orphanet:29073	DOID:9538
Orphanet:1334	DOID:2058
Orphanet:90354	DOID:14775
Orphanet:1652	DOID:0050699
Orphanet:85279	DOID:0060809
Orphanet:740	DOID:3911
Orphanet:199276	DOID:3315
Orphanet:215	DOID:0050534
Orphanet:141	DOID:3613
Orphanet:46487	DOID:4313
Orphanet:205	DOID:3803
Orphanet:381	DOID:0060831
Orphanet:580	DOID:12799
Orphanet:85274	DOID:0060808
Orphanet:366	DOID:2748
Orphanet:1267	DOID:11976
Orphanet:385	DOID:0110734
Orphanet:1164	DOID:13166
Orphanet:886	DOID:0050439
Orphanet:1332	DOID:3973
Orphanet:511	DOID:9269
Orphanet:3250	DOID:0050788
Orphanet:1621	DOID:0060418
Orphanet:2930	DOID:6225
Orphanet:1871	DOID:0050795
Orphanet:126	DOID:14778
Orphanet:41	DOID:0060257
Orphanet:704	DOID:0060851
Orphanet:800	DOID:0090005
Orphanet:2268	DOID:0090007
Orphanet:739	DOID:11983
Orphanet:1427	DOID:0080026
Orphanet:183	DOID:3049
Orphanet:93357	DOID:5684
Orphanet:528	DOID:0050585
Orphanet:199343	DOID:0060484
Orphanet:2315	DOID:14694
Orphanet:2940	DOID:0060263
Orphanet:819	DOID:0060768
Orphanet:71211	DOID:8869
Orphanet:157	DOID:0060235
Orphanet:1229	DOID:0050656
Orphanet:38	DOID:0060362
Orphanet:163937	DOID:0060807
Orphanet:668	DOID:3347
Orphanet:576	DOID:0080070
Orphanet:178478	DOID:0050354
Orphanet:79408	DOID:0060642
Orphanet:1517	DOID:0060569
Orphanet:2331	DOID:13378
Orphanet:1896	DOID:0060782
Orphanet:284804	DOID:0050633
Orphanet:32960	DOID:0090018
Orphanet:950	DOID:14669
Orphanet:379	DOID:3265
Orphanet:50	DOID:8461
Orphanet:56	DOID:9270
Orphanet:93296	DOID:0080056
Orphanet:1425	DOID:0060462
Orphanet:99976	DOID:4914
Orphanet:23	DOID:14755
Orphanet:2614	DOID:9467
Orphanet:72	DOID:1932
Orphanet:99867	DOID:3275
Orphanet:440	DOID:10892
Orphanet:108	DOID:9643
Orphanet:83461	DOID:11367
Orphanet:357154	DOID:5773
Orphanet:47	DOID:14179
Orphanet:98428	DOID:2834
Orphanet:355	DOID:1926
Orphanet:79404	DOID:0060737
Orphanet:881	DOID:3491
Orphanet:39041	DOID:0060010
Orphanet:65759	DOID:0060234
Orphanet:242	DOID:14448
Orphanet:2510	DOID:0060237
Orphanet:60	DOID:13372
Orphanet:2884	DOID:3263
Orphanet:95	DOID:12705
Orphanet:2901	DOID:3689
Orphanet:131	DOID:11512
Orphanet:2116	DOID:1060
Orphanet:738	DOID:13268
Orphanet:324	DOID:14499
Orphanet:1031	DOID:0110066
Orphanet:2388	DOID:0050766
Orphanet:652	DOID:10017
Orphanet:1949	DOID:14777
Orphanet:2970	DOID:0060889
Orphanet:79403	DOID:0060733
Orphanet:3002	DOID:8924
Orphanet:90	DOID:9278
Orphanet:147	DOID:9280
Orphanet:829	DOID:14256
Orphanet:90695	DOID:9410
Orphanet:199318	DOID:0060394
Orphanet:139436	DOID:11824
Orphanet:52	DOID:9245
Orphanet:1305	DOID:0060464
Orphanet:191	DOID:2962
Orphanet:2021	DOID:0060465
Orphanet:223	DOID:12387
Orphanet:63	DOID:10983
Orphanet:66661	DOID:355
Orphanet:300385	DOID:4916
Orphanet:464	DOID:12305
Orphanet:232	DOID:10923
Orphanet:418	DOID:0050811
Orphanet:930	DOID:9164
Orphanet:892	DOID:14175
Orphanet:581	DOID:12801
Orphanet:87503	DOID:0060862
Orphanet:565	DOID:1838
Orphanet:731	DOID:0110861
Orphanet:97229	DOID:0050694
Orphanet:910	DOID:0050427
Orphanet:238468	DOID:14793
Orphanet:524	DOID:3012
Orphanet:99826	DOID:4327
Orphanet:480	DOID:12934
Orphanet:1653	DOID:701
Orphanet:579	DOID:12802
Orphanet:1515	DOID:0050577
Orphanet:790	DOID:768
Orphanet:3463	DOID:10632
Orphanet:79478	DOID:0060834
Orphanet:3286	DOID:0060674
Orphanet:929	DOID:0050796
Orphanet:887	DOID:14679
Orphanet:244	DOID:9562
Orphanet:2908	DOID:0060472
Orphanet:482	DOID:7365
Orphanet:148	DOID:857
Orphanet:99969	DOID:5702
Orphanet:110	DOID:1935
Orphanet:46627	DOID:0060563
Orphanet:2108	DOID:4534
Orphanet:1587	DOID:0060391
Orphanet:3287	DOID:2508
Orphanet:1422	DOID:0060644
Orphanet:432	DOID:0090070
Orphanet:91546	DOID:11729
Orphanet:3198	DOID:13366
Orphanet:99014	DOID:0110210
Orphanet:104	DOID:705
Orphanet:1941	DOID:0060172
Orphanet:655	DOID:12712
Orphanet:251038	DOID:0060459
Orphanet:92	DOID:676
Orphanet:101330	DOID:3132
Orphanet:828	DOID:0080046
Orphanet:1225	DOID:0050654
Orphanet:136	DOID:13945
Orphanet:868	DOID:0050884
Orphanet:293843	DOID:0060225
Orphanet:1452	DOID:13994
Orphanet:15	DOID:4480
Orphanet:643	DOID:0090068
Orphanet:67047	DOID:0110004
Orphanet:893	DOID:14515
Orphanet:101078	DOID:0110212
Orphanet:52055	DOID:0060816
Orphanet:545	DOID:0050873
Orphanet:2167	DOID:0060566
Orphanet:97279	DOID:3892
Orphanet:435	DOID:3156
Orphanet:250994	DOID:0060435
Orphanet:3389	DOID:399
Orphanet:85283	DOID:0060815
Orphanet:1328	DOID:4997
Orphanet:231169	DOID:0110826
Orphanet:902	DOID:5688
Orphanet:100100	DOID:3277
Orphanet:79276	DOID:3890
Orphanet:231178	DOID:0110827
Orphanet:2248	DOID:9955
Orphanet:93	DOID:0050461
Orphanet:487	DOID:10587
Orphanet:811	DOID:0060479
Orphanet:971	DOID:0060347
Orphanet:33276	DOID:8632
Orphanet:2591	DOID:0080109
Orphanet:178333	DOID:0050630
Orphanet:67046	DOID:0110002
Orphanet:207	DOID:2339
Orphanet:96	DOID:0090028
Orphanet:69077	DOID:3672
Orphanet:167	DOID:2935
Orphanet:96125	DOID:0060422
Orphanet:144	DOID:3883
Orphanet:573	DOID:0050472
Orphanet:79358	DOID:3805
Orphanet:367	DOID:2750
Orphanet:534	DOID:1056
Orphanet:93474	DOID:0060222
Orphanet:583	DOID:12800
Orphanet:98848	DOID:4660
Orphanet:73256	DOID:14174
Orphanet:1598	DOID:0060406
Orphanet:912	DOID:905
Orphanet:963	DOID:2449
Orphanet:89936	DOID:0050445
Orphanet:485	DOID:0080045
Orphanet:1827	DOID:0060342
Orphanet:968	DOID:0080051
Orphanet:168829	DOID:1791
Orphanet:808	DOID:0050569
Orphanet:1606	DOID:0060410
Orphanet:273	DOID:11722
Orphanet:506	DOID:3652
Orphanet:349	DOID:14500
Orphanet:869	DOID:0050602
Orphanet:1522	DOID:0080033
Orphanet:186	DOID:12236
Orphanet:26790	DOID:3559
Orphanet:96169	DOID:0050880
Orphanet:1788	DOID:0060383
Orphanet:858	DOID:13336
Orphanet:35687	DOID:4329
Orphanet:89840	DOID:0060738
Orphanet:261112	DOID:0060732
Orphanet:809	DOID:3492
Orphanet:1077	DOID:12661
Orphanet:238750	DOID:0060420
Orphanet:93256	DOID:0050879
Orphanet:2024	DOID:0060466
Orphanet:500	DOID:14291
Orphanet:750	DOID:0080047
Orphanet:101075	DOID:0110209
Orphanet:1412	DOID:0050789
Orphanet:908	DOID:14261
Orphanet:683	DOID:678
Orphanet:85138	DOID:13774
Orphanet:3099	DOID:1586
Orphanet:564	DOID:0050778
Orphanet:1865	DOID:0090032
Orphanet:319218	DOID:4325
Orphanet:920	DOID:0060550
Orphanet:821	DOID:14748
Orphanet:280779	DOID:0110228
Orphanet:2639	DOID:0050790
Orphanet:2440	DOID:0090020
Orphanet:37	DOID:0050605
Orphanet:79401	DOID:0060736
Orphanet:846	DOID:1099
Orphanet:79430	DOID:3753
Orphanet:39044	DOID:6039
Orphanet:93929	DOID:0080175
Orphanet:2909	DOID:2732
Orphanet:93672	DOID:14203
Orphanet:90340	DOID:0050678
Orphanet:2196	DOID:0060881
Orphanet:703	DOID:8506
Orphanet:245	DOID:5768
Orphanet:2377	DOID:1930
Orphanet:1194	DOID:0060331
Orphanet:1168	DOID:0050754
Orphanet:98895	DOID:9883
Orphanet:60030	DOID:0050466
Orphanet:915	DOID:6683
Orphanet:95159	DOID:5230
Orphanet:99977	DOID:3748
Orphanet:3447	DOID:14731
Orphanet:3380	DOID:1085
Orphanet:261349	DOID:0060415
Orphanet:845	DOID:3320
Orphanet:101076	DOID:0110208
Orphanet:699	DOID:0060067
Orphanet:3303	DOID:6419
Orphanet:1713	DOID:0060853
Orphanet:577	DOID:0080071
Orphanet:3452	DOID:8476
Orphanet:820	DOID:13096
Orphanet:508	DOID:0050470
Orphanet:3253	DOID:0060773
Orphanet:189	DOID:14693
Orphanet:562	DOID:1858
Orphanet:183660	DOID:627
Orphanet:403	DOID:14080
Orphanet:158000	DOID:4424
Orphanet:231	DOID:14418
Orphanet:550	DOID:3687
Orphanet:2704	DOID:0050816
Orphanet:50945	DOID:0060387
Orphanet:1270	DOID:0050684
Orphanet:2686	DOID:5339
Orphanet:586	DOID:1485
Orphanet:85278	DOID:0060825
Orphanet:98293	DOID:8567
Orphanet:112	DOID:445
Orphanet:1935	DOID:308
Orphanet:228371	DOID:0050352
Orphanet:217377	DOID:0060461
Orphanet:190	DOID:7765
Orphanet:97330	DOID:3103
Orphanet:369	DOID:2754
Orphanet:85273	DOID:0060818
Orphanet:1340	DOID:0060233
Orphanet:261279	DOID:0060405
Orphanet:52417	DOID:0050909
Orphanet:99	DOID:1441
Orphanet:33577	DOID:1525
Orphanet:52503	DOID:0050800
Orphanet:2311	DOID:0050568
Orphanet:666	DOID:12347
Orphanet:589	DOID:437
Orphanet:2897	DOID:9212
Orphanet:63446	DOID:0050604
Orphanet:85276	DOID:0050764
Orphanet:475	DOID:0050777
Orphanet:507	DOID:9065
Orphanet:90042	DOID:0060652
Orphanet:1520	DOID:14737
Orphanet:157215	DOID:0050947
Orphanet:217340	DOID:0060434
Orphanet:685	DOID:2476
Orphanet:93930	DOID:0080174
Orphanet:59	DOID:0050631
Orphanet:79443	DOID:0080053
Orphanet:1513	DOID:0080032
Orphanet:774	DOID:1270
Orphanet:783	DOID:1933
Orphanet:2637	DOID:0060609
Orphanet:1947	DOID:0110724
Orphanet:375	DOID:9808
Orphanet:46724	DOID:0060688
Orphanet:365	DOID:2752
Orphanet:313	DOID:1699
Orphanet:93356	DOID:0080030
Orphanet:192	DOID:3783
Orphanet:59305	DOID:3590
Orphanet:371	DOID:11721
Orphanet:261476	DOID:0060427
Orphanet:2406	DOID:12697
Orphanet:904	DOID:1928
Orphanet:457	DOID:0060713
Orphanet:1467	DOID:0060216
Orphanet:317	DOID:0050467
Orphanet:1248	DOID:14683
Orphanet:662	DOID:0050468
Orphanet:660	DOID:0060327
Orphanet:281	DOID:12580
Orphanet:79477	DOID:0060833
Orphanet:235	DOID:14796
Orphanet:805	DOID:13515
Orphanet:2070	DOID:4031
Orphanet:54595	DOID:3840
Orphanet:1727	DOID:0060436
Orphanet:47045	DOID:0090061
Orphanet:157973	DOID:0110640
Orphanet:79264	DOID:0050756
Orphanet:100	DOID:12704
Orphanet:1310	DOID:4257
Orphanet:2750	DOID:0060316
Orphanet:44890	DOID:9253
Orphanet:89937	DOID:0050948
Orphanet:1656	DOID:8505
Orphanet:31112	DOID:3507
Orphanet:178481	DOID:0050141
Orphanet:649	DOID:0060844
Orphanet:319213	DOID:0050202
Orphanet:337	DOID:13374
Orphanet:1293	DOID:0050690
Orphanet:52416	DOID:0050746
Orphanet:94068	DOID:14789
Orphanet:85328	DOID:0060811
Orphanet:758	DOID:2738
Orphanet:79314	DOID:0050574
Orphanet:553	DOID:12252
Orphanet:180	DOID:9821
Orphanet:2781	DOID:13533
Orphanet:857	DOID:0050887
Orphanet:2322	DOID:0060473
Orphanet:85287	DOID:0060812
Orphanet:1493	DOID:0060356
Orphanet:209	DOID:3144
Orphanet:90289	DOID:8472
Orphanet:178509	DOID:0060486
Orphanet:261272	DOID:0060433
Orphanet:217346	DOID:0060408
Orphanet:431329	DOID:0110809
Orphanet:792	DOID:0060763
Orphanet:3143	DOID:0050168
Orphanet:169095	DOID:0060769
Orphanet:118	DOID:3633
Orphanet:99745	DOID:13258
Orphanet:2438	DOID:0060739
Orphanet:79241	DOID:856
Orphanet:79473	DOID:4346
Orphanet:251937	DOID:2426
Orphanet:377	DOID:2512
Orphanet:634	DOID:0050474
Orphanet:633	DOID:9521
Orphanet:99827	DOID:12287
Orphanet:116	DOID:5572
Orphanet:1263	DOID:0050680
Orphanet:251992	DOID:4817
Orphanet:40	DOID:0080050
Orphanet:772	DOID:0050444
Orphanet:2467	DOID:349
Orphanet:178029	DOID:12388
Orphanet:75233	DOID:14497
Orphanet:2092	DOID:2120
Orphanet:2598	DOID:0080099
Orphanet:1956	DOID:9240
Orphanet:184	DOID:1856
Orphanet:98791	DOID:0110029
Orphanet:124	DOID:1339
Orphanet:1667	DOID:0090060
Orphanet:575	DOID:0050854
Orphanet:243	DOID:14450
Orphanet:3204	DOID:0060354
Orphanet:79326	DOID:0050571
Orphanet:2576	DOID:0050436
Orphanet:99889	DOID:0060890
Orphanet:1573	DOID:0110711
Orphanet:1620	DOID:0060417
Orphanet:587	DOID:0050465
Orphanet:65286	DOID:0060419
Orphanet:2841	DOID:0050429
Orphanet:1231	DOID:0060549
Orphanet:2745	DOID:0050780
Orphanet:177	DOID:2580
Orphanet:1159	DOID:0090004
Orphanet:85286	DOID:0060826
Orphanet:538	DOID:3319
Orphanet:3152	DOID:0060251
Orphanet:682	DOID:14451
Orphanet:99748	DOID:0050150
Orphanet:2442	DOID:0060705
Orphanet:1600	DOID:0060407
Orphanet:521	DOID:8552
Orphanet:2616	DOID:0060241
Orphanet:48377	DOID:8508
Orphanet:447	DOID:0060284
Orphanet:71	DOID:0060357
Orphanet:101077	DOID:0110211
Orphanet:84	DOID:13636
Orphanet:37748	DOID:4371
Orphanet:3440	DOID:9258
Orphanet:1766	DOID:0050997
Orphanet:1475	DOID:0090006
Orphanet:765	DOID:3649
Orphanet:368	DOID:2746
Orphanet:258	DOID:0110636
Orphanet:199244	DOID:4968
Orphanet:744	DOID:13482
Orphanet:66646	DOID:3663
Orphanet:716	DOID:9281
Orphanet:796	DOID:3323
Orphanet:661	DOID:0060731
Orphanet:296	DOID:4624
Orphanet:818	DOID:14692
Orphanet:782	DOID:14686
Orphanet:628	DOID:14687
Orphanet:36426	DOID:0050426
Orphanet:673	DOID:12365
Orphanet:640	DOID:0060843
Orphanet:3453	DOID:0050167
Orphanet:399	DOID:12858
Orphanet:289176	DOID:0050949
Orphanet:90342	DOID:0110847
Orphanet:2382	DOID:0050561
Orphanet:848	DOID:12241
Orphanet:35173	DOID:0060292
Orphanet:285	DOID:14757
Orphanet:2052	DOID:0090001
Orphanet:614	DOID:2106
Orphanet:702	DOID:3210
Orphanet:2065	DOID:0060364
Orphanet:3437	DOID:12297
Orphanet:1906	DOID:0060471
Orphanet:111	DOID:0050476
Orphanet:728	DOID:2556
Orphanet:199	DOID:11725
Orphanet:906	DOID:9169
Orphanet:213	DOID:1064
Orphanet:705	DOID:0060744
Orphanet:84142	DOID:963
Orphanet:1555	DOID:0050660
Orphanet:98375	DOID:718
Orphanet:91132	DOID:0060720
Orphanet:773	DOID:10582
Orphanet:140	DOID:0050463
Orphanet:206484	DOID:3578
Orphanet:85282	DOID:0060801
Orphanet:302	DOID:13777
Orphanet:675	DOID:0060850
Orphanet:35656	DOID:0050730
Orphanet:2241	DOID:0060610
Orphanet:52429	DOID:0060232
Orphanet:218	DOID:2734
Orphanet:324964	DOID:0060645
Orphanet:535	DOID:0050169
Orphanet:251056	DOID:0060424
Orphanet:392	DOID:0060468
Orphanet:33355	DOID:0060020
Orphanet:2368	DOID:11044
Orphanet:171851	DOID:0060483
Orphanet:53271	DOID:0060703
Orphanet:36258	DOID:12918
Orphanet:75374	DOID:0050335
Orphanet:231183	DOID:0110828
Orphanet:729	DOID:8997
Orphanet:2514	DOID:14725
Orphanet:261120	DOID:0060392
Orphanet:618	DOID:6846
Orphanet:2869	DOID:3852
Orphanet:58	DOID:4252
Orphanet:1830	DOID:0060490
Orphanet:2162	DOID:4621
Orphanet:216	DOID:14503
Orphanet:3265	DOID:0060467
Orphanet:36397	DOID:3928
